iter	RMSE
0	3.456194736
1	3.261646697
2	3.076496567
3	2.919588495
4	2.766363793
5	2.631340884
6	2.50232251
7	2.368984365
8	2.251428142
9	2.138879886
10	2.036062069
11	1.933210493
12	1.836869135
13	1.745007989
14	1.653378516
15	1.582793627
16	1.505222331
17	1.434715966
18	1.369538865
19	1.308530335
20	1.251674644
21	1.197526289
22	1.14440899
23	1.096998825
24	1.053175672
25	1.013602823
